Id,Rule Name,Product,Severity,Status,Confidence,Category,Is Pro Rule,Semgrep Autotriage Result,Semgrep Autotriage Reason,Ai Impact,Ai Exploit Conditions,Semgrep File Risk Tag,Repository Name,Repository Url,Line Of Code Url,Semgrep Platform Link,Created At,Last Opened At,Branch,Triaged At,Triage Comment,Triage Reason,Rule Description
875690100,typescript.react.security.react-insecure-request.react-insecure-request,Code,High,Open,Medium,security,False,,,,,,crmsaassaudi/crm-api,https://github.com/crmsaassaudi/crm-api,https://github.com/crmsaassaudi/crm-api/blob/3d3d721e73f4220de2956f040d9165903219761a/src/scripts/verify-cache.js#L11,https://semgrep.dev/orgs/daitoan2000_personal_org/findings/875690100,2026-07-04 05:50:08.637858,2026-07-04 05:50:08.613834,refs/heads/main,,,,Unencrypted request over HTTP detected.
875690099,typescript.react.security.react-insecure-request.react-insecure-request,Code,High,Open,Medium,security,False,,,,,,crmsaassaudi/crm-api,https://github.com/crmsaassaudi/crm-api,https://github.com/crmsaassaudi/crm-api/blob/3d3d721e73f4220de2956f040d9165903219761a/src/scripts/verify-cache.js#L22,https://semgrep.dev/orgs/daitoan2000_personal_org/findings/875690099,2026-07-04 05:50:08.637841,2026-07-04 05:50:08.613829,refs/heads/main,,,,Unencrypted request over HTTP detected.
875690098,typescript.react.security.react-insecure-request.react-insecure-request,Code,High,Open,Medium,security,False,,,,,,crmsaassaudi/crm-api,https://github.com/crmsaassaudi/crm-api,https://github.com/crmsaassaudi/crm-api/blob/3d3d721e73f4220de2956f040d9165903219761a/src/scripts/verify-cache.js#L32,https://semgrep.dev/orgs/daitoan2000_personal_org/findings/875690098,2026-07-04 05:50:08.637823,2026-07-04 05:50:08.613824,refs/heads/main,,,,Unencrypted request over HTTP detected.
875690097,typescript.react.security.react-insecure-request.react-insecure-request,Code,High,Open,Medium,security,False,,,,,,crmsaassaudi/crm-api,https://github.com/crmsaassaudi/crm-api,https://github.com/crmsaassaudi/crm-api/blob/3d3d721e73f4220de2956f040d9165903219761a/src/scripts/verify-cache.js#L74,https://semgrep.dev/orgs/daitoan2000_personal_org/findings/875690097,2026-07-04 05:50:08.637806,2026-07-04 05:50:08.613819,refs/heads/main,,,,Unencrypted request over HTTP detected.
875690096,typescript.react.security.react-insecure-request.react-insecure-request,Code,High,Open,Medium,security,False,,,,,,crmsaassaudi/crm-api,https://github.com/crmsaassaudi/crm-api,https://github.com/crmsaassaudi/crm-api/blob/3d3d721e73f4220de2956f040d9165903219761a/src/scripts/verify-refactor.js#L11,https://semgrep.dev/orgs/daitoan2000_personal_org/findings/875690096,2026-07-04 05:50:08.637789,2026-07-04 05:50:08.613814,refs/heads/main,,,,Unencrypted request over HTTP detected.
875690095,typescript.react.security.react-insecure-request.react-insecure-request,Code,High,Open,Medium,security,False,,,,,,crmsaassaudi/crm-api,https://github.com/crmsaassaudi/crm-api,https://github.com/crmsaassaudi/crm-api/blob/3d3d721e73f4220de2956f040d9165903219761a/src/scripts/verify-refactor.js#L20,https://semgrep.dev/orgs/daitoan2000_personal_org/findings/875690095,2026-07-04 05:50:08.637771,2026-07-04 05:50:08.613809,refs/heads/main,,,,Unencrypted request over HTTP detected.
875690090,javascript.node-crypto.security.gcm-no-tag-length.gcm-no-tag-length,Code,High,Open,Medium,security,False,,,,,,crmsaassaudi/crm-api,https://github.com/crmsaassaudi/crm-api,https://github.com/crmsaassaudi/crm-api/blob/3d3d721e73f4220de2956f040d9165903219761a/src/channels/domain/crypto.service.ts#L98,https://semgrep.dev/orgs/daitoan2000_personal_org/findings/875690090,2026-07-04 05:50:08.637685,2026-07-04 05:50:08.613784,refs/heads/main,,,,"The call to 'createDecipheriv' with the Galois Counter Mode (GCM) mode of operation is missing an expected authentication tag length. If the expected authentication tag length is not specified or otherwise checked, the application might be tricked into verifying a shorter-than-expected authentication tag. This can be abused by an attacker to spoof ciphertexts or recover the implicit authentication key of GCM, allowing arbitrary forgeries."
875690089,javascript.node-crypto.security.gcm-no-tag-length.gcm-no-tag-length,Code,High,Open,Medium,security,False,,,,,,crmsaassaudi/crm-api,https://github.com/crmsaassaudi/crm-api,https://github.com/crmsaassaudi/crm-api/blob/3d3d721e73f4220de2956f040d9165903219761a/src/channels/domain/crypto.service.ts#L232,https://semgrep.dev/orgs/daitoan2000_personal_org/findings/875690089,2026-07-04 05:50:08.637668,2026-07-04 05:50:08.613779,refs/heads/main,,,,"The call to 'createDecipheriv' with the Galois Counter Mode (GCM) mode of operation is missing an expected authentication tag length. If the expected authentication tag length is not specified or otherwise checked, the application might be tricked into verifying a shorter-than-expected authentication tag. This can be abused by an attacker to spoof ciphertexts or recover the implicit authentication key of GCM, allowing arbitrary forgeries."
875690088,javascript.mongoose.node-mongoose-hardcoded-secret.node-mongoose-hardcoded-secret,Code,Medium,Open,High,security,False,,,,,Developer Scripts,crmsaassaudi/crm-api,https://github.com/crmsaassaudi/crm-api,https://github.com/crmsaassaudi/crm-api/blob/3d3d721e73f4220de2956f040d9165903219761a/scripts/fix-facebook-profile-enrichment.cjs#L25,https://semgrep.dev/orgs/daitoan2000_personal_org/findings/875690088,2026-07-04 05:50:08.637651,2026-07-04 05:50:08.613774,refs/heads/main,,,,"A secret is hard-coded in the application. Secrets stored in source code, such as credentials, identifiers, and other types of sensitive data, can be leaked and used by internal or external malicious actors. Use environment variables to securely provide credentials and other secrets or retrieve them from a secure vault or Hardware Security Module (HSM)."
875690087,javascript.mongodb.node-mongodb-hardcoded-secret.node-mongodb-hardcoded-secret,Code,Medium,Open,High,security,False,,,,,,crmsaassaudi/crm-api,https://github.com/crmsaassaudi/crm-api,https://github.com/crmsaassaudi/crm-api/blob/3d3d721e73f4220de2956f040d9165903219761a/cleanup-email-data.js#L6,https://semgrep.dev/orgs/daitoan2000_personal_org/findings/875690087,2026-07-04 05:50:08.637634,2026-07-04 05:50:08.613769,refs/heads/main,,,,"A secret is hard-coded in the application. Secrets stored in source code, such as credentials, identifiers, and other types of sensitive data, can be leaked and used by internal or external malicious actors. Use environment variables to securely provide credentials and other secrets or retrieve them from a secure vault or Hardware Security Module (HSM)."
875690086,javascript.mongodb.node-mongodb-hardcoded-secret.node-mongodb-hardcoded-secret,Code,Medium,Open,High,security,False,,,,,,crmsaassaudi/crm-api,https://github.com/crmsaassaudi/crm-api,https://github.com/crmsaassaudi/crm-api/blob/3d3d721e73f4220de2956f040d9165903219761a/scratch/check-publication.js#L6,https://semgrep.dev/orgs/daitoan2000_personal_org/findings/875690086,2026-07-04 05:50:08.637617,2026-07-04 05:50:08.613764,refs/heads/main,,,,"A secret is hard-coded in the application. Secrets stored in source code, such as credentials, identifiers, and other types of sensitive data, can be leaked and used by internal or external malicious actors. Use environment variables to securely provide credentials and other secrets or retrieve them from a secure vault or Hardware Security Module (HSM)."
875690085,javascript.mongodb.node-mongodb-hardcoded-secret.node-mongodb-hardcoded-secret,Code,Medium,Open,High,security,False,,,,,Developer Scripts,crmsaassaudi/crm-api,https://github.com/crmsaassaudi/crm-api,https://github.com/crmsaassaudi/crm-api/blob/3d3d721e73f4220de2956f040d9165903219761a/scripts/drop-stale-index.js#L19,https://semgrep.dev/orgs/daitoan2000_personal_org/findings/875690085,2026-07-04 05:50:08.637600,2026-07-04 05:50:08.613759,refs/heads/main,,,,"A secret is hard-coded in the application. Secrets stored in source code, such as credentials, identifiers, and other types of sensitive data, can be leaked and used by internal or external malicious actors. Use environment variables to securely provide credentials and other secrets or retrieve them from a secure vault or Hardware Security Module (HSM)."
875690084,javascript.mongodb.node-mongodb-hardcoded-secret.node-mongodb-hardcoded-secret,Code,Medium,Open,High,security,False,,,,,Developer Scripts,crmsaassaudi/crm-api,https://github.com/crmsaassaudi/crm-api,https://github.com/crmsaassaudi/crm-api/blob/3d3d721e73f4220de2956f040d9165903219761a/test-db.js#L5,https://semgrep.dev/orgs/daitoan2000_personal_org/findings/875690084,2026-07-04 05:50:08.637582,2026-07-04 05:50:08.613754,refs/heads/main,,,,"A secret is hard-coded in the application. Secrets stored in source code, such as credentials, identifiers, and other types of sensitive data, can be leaked and used by internal or external malicious actors. Use environment variables to securely provide credentials and other secrets or retrieve them from a secure vault or Hardware Security Module (HSM)."
875690083,javascript.helmet.csp-misconfiguration.csp-misconfiguration,Code,Medium,Open,High,security,False,,,,,,crmsaassaudi/crm-api,https://github.com/crmsaassaudi/crm-api,https://github.com/crmsaassaudi/crm-api/blob/3d3d721e73f4220de2956f040d9165903219761a/src/main.ts#L49,https://semgrep.dev/orgs/daitoan2000_personal_org/findings/875690083,2026-07-04 05:50:08.637565,2026-07-04 05:50:08.613749,refs/heads/main,,,,"Untrusted input could be used to tamper with a web page rendering, which can lead to a Cross-site scripting (XSS) vulnerability. XSS vulnerabilities occur when untrusted input executes malicious JavaScript code, leading to issues such as account compromise and sensitive information leakage. To prevent this vulnerability, validate the user input, perform contextual output encoding or sanitize the input."
875690079,javascript.lang.security.audit.path-traversal.path-join-resolve-traversal.path-join-resolve-traversal,Code,Medium,Open,Low,security,False,,,,,,crmsaassaudi/crm-api,https://github.com/crmsaassaudi/crm-api,https://github.com/crmsaassaudi/crm-api/blob/3d3d721e73f4220de2956f040d9165903219761a/src/ai-video/services/video-compositor.service.ts#L32,https://semgrep.dev/orgs/daitoan2000_personal_org/findings/875690079,2026-07-04 05:50:08.637496,2026-07-04 05:50:08.613728,refs/heads/main,,,,"Detected possible user input going into a `path.join` or `path.resolve` function. This could possibly lead to a path traversal vulnerability,  where the attacker can access arbitrary files stored in the file system. Instead, be sure to sanitize or validate user input first."
875690078,javascript.lang.security.audit.path-traversal.path-join-resolve-traversal.path-join-resolve-traversal,Code,Medium,Open,Low,security,False,,,,,,crmsaassaudi/crm-api,https://github.com/crmsaassaudi/crm-api,https://github.com/crmsaassaudi/crm-api/blob/3d3d721e73f4220de2956f040d9165903219761a/src/ai-video/services/video-compositor.service.ts#L36,https://semgrep.dev/orgs/daitoan2000_personal_org/findings/875690078,2026-07-04 05:50:08.637479,2026-07-04 05:50:08.613722,refs/heads/main,,,,"Detected possible user input going into a `path.join` or `path.resolve` function. This could possibly lead to a path traversal vulnerability,  where the attacker can access arbitrary files stored in the file system. Instead, be sure to sanitize or validate user input first."
875690077,javascript.lang.security.audit.path-traversal.path-join-resolve-traversal.path-join-resolve-traversal,Code,Medium,Open,Low,security,False,,,,,,crmsaassaudi/crm-api,https://github.com/crmsaassaudi/crm-api,https://github.com/crmsaassaudi/crm-api/blob/3d3d721e73f4220de2956f040d9165903219761a/src/ai-video/services/video-compositor.service.ts#L36,https://semgrep.dev/orgs/daitoan2000_personal_org/findings/875690077,2026-07-04 05:50:08.637462,2026-07-04 05:50:08.613717,refs/heads/main,,,,"Detected possible user input going into a `path.join` or `path.resolve` function. This could possibly lead to a path traversal vulnerability,  where the attacker can access arbitrary files stored in the file system. Instead, be sure to sanitize or validate user input first."
875690076,javascript.lang.security.audit.path-traversal.path-join-resolve-traversal.path-join-resolve-traversal,Code,Medium,Open,Low,security,False,,,,,,crmsaassaudi/crm-api,https://github.com/crmsaassaudi/crm-api,https://github.com/crmsaassaudi/crm-api/blob/3d3d721e73f4220de2956f040d9165903219761a/src/ai-video/services/video-compositor.service.ts#L40,https://semgrep.dev/orgs/daitoan2000_personal_org/findings/875690076,2026-07-04 05:50:08.637445,2026-07-04 05:50:08.613712,refs/heads/main,,,,"Detected possible user input going into a `path.join` or `path.resolve` function. This could possibly lead to a path traversal vulnerability,  where the attacker can access arbitrary files stored in the file system. Instead, be sure to sanitize or validate user input first."
875690075,javascript.lang.security.audit.path-traversal.path-join-resolve-traversal.path-join-resolve-traversal,Code,Medium,Open,Low,security,False,,,,,,crmsaassaudi/crm-api,https://github.com/crmsaassaudi/crm-api,https://github.com/crmsaassaudi/crm-api/blob/3d3d721e73f4220de2956f040d9165903219761a/src/ai-video/services/video-compositor.service.ts#L116,https://semgrep.dev/orgs/daitoan2000_personal_org/findings/875690075,2026-07-04 05:50:08.637428,2026-07-04 05:50:08.613707,refs/heads/main,,,,"Detected possible user input going into a `path.join` or `path.resolve` function. This could possibly lead to a path traversal vulnerability,  where the attacker can access arbitrary files stored in the file system. Instead, be sure to sanitize or validate user input first."
875690074,javascript.lang.security.audit.path-traversal.path-join-resolve-traversal.path-join-resolve-traversal,Code,Medium,Open,Low,security,False,,,,,,crmsaassaudi/crm-api,https://github.com/crmsaassaudi/crm-api,https://github.com/crmsaassaudi/crm-api/blob/3d3d721e73f4220de2956f040d9165903219761a/src/common/export/export-storage.service.ts#L248,https://semgrep.dev/orgs/daitoan2000_personal_org/findings/875690074,2026-07-04 05:50:08.637410,2026-07-04 05:50:08.613702,refs/heads/main,,,,"Detected possible user input going into a `path.join` or `path.resolve` function. This could possibly lead to a path traversal vulnerability,  where the attacker can access arbitrary files stored in the file system. Instead, be sure to sanitize or validate user input first."
875690073,javascript.lang.security.audit.path-traversal.path-join-resolve-traversal.path-join-resolve-traversal,Code,Medium,Open,Low,security,False,,,,,,crmsaassaudi/crm-api,https://github.com/crmsaassaudi/crm-api,https://github.com/crmsaassaudi/crm-api/blob/3d3d721e73f4220de2956f040d9165903219761a/src/common/import/import-report.service.ts#L44,https://semgrep.dev/orgs/daitoan2000_personal_org/findings/875690073,2026-07-04 05:50:08.637393,2026-07-04 05:50:08.613696,refs/heads/main,,,,"Detected possible user input going into a `path.join` or `path.resolve` function. This could possibly lead to a path traversal vulnerability,  where the attacker can access arbitrary files stored in the file system. Instead, be sure to sanitize or validate user input first."
875690072,javascript.lang.security.audit.path-traversal.path-join-resolve-traversal.path-join-resolve-traversal,Code,Medium,Open,Low,security,False,,,,,,crmsaassaudi/crm-api,https://github.com/crmsaassaudi/crm-api,https://github.com/crmsaassaudi/crm-api/blob/3d3d721e73f4220de2956f040d9165903219761a/src/common/import/import-report.service.ts#L45,https://semgrep.dev/orgs/daitoan2000_personal_org/findings/875690072,2026-07-04 05:50:08.637376,2026-07-04 05:50:08.613689,refs/heads/main,,,,"Detected possible user input going into a `path.join` or `path.resolve` function. This could possibly lead to a path traversal vulnerability,  where the attacker can access arbitrary files stored in the file system. Instead, be sure to sanitize or validate user input first."
875690071,javascript.lang.security.audit.path-traversal.path-join-resolve-traversal.path-join-resolve-traversal,Code,Medium,Open,Low,security,False,,,,,,crmsaassaudi/crm-api,https://github.com/crmsaassaudi/crm-api,https://github.com/crmsaassaudi/crm-api/blob/3d3d721e73f4220de2956f040d9165903219761a/src/common/import/import-storage.service.ts#L83,https://semgrep.dev/orgs/daitoan2000_personal_org/findings/875690071,2026-07-04 05:50:08.637358,2026-07-04 05:50:08.613684,refs/heads/main,,,,"Detected possible user input going into a `path.join` or `path.resolve` function. This could possibly lead to a path traversal vulnerability,  where the attacker can access arbitrary files stored in the file system. Instead, be sure to sanitize or validate user input first."
875690070,javascript.lang.security.audit.path-traversal.path-join-resolve-traversal.path-join-resolve-traversal,Code,Medium,Open,Low,security,False,,,,,,crmsaassaudi/crm-api,https://github.com/crmsaassaudi/crm-api,https://github.com/crmsaassaudi/crm-api/blob/3d3d721e73f4220de2956f040d9165903219761a/src/common/import/import-storage.service.ts#L291,https://semgrep.dev/orgs/daitoan2000_personal_org/findings/875690070,2026-07-04 05:50:08.637341,2026-07-04 05:50:08.613678,refs/heads/main,,,,"Detected possible user input going into a `path.join` or `path.resolve` function. This could possibly lead to a path traversal vulnerability,  where the attacker can access arbitrary files stored in the file system. Instead, be sure to sanitize or validate user input first."
875690069,javascript.lang.security.audit.path-traversal.path-join-resolve-traversal.path-join-resolve-traversal,Code,Medium,Open,Low,security,False,,,,,,crmsaassaudi/crm-api,https://github.com/crmsaassaudi/crm-api,https://github.com/crmsaassaudi/crm-api/blob/3d3d721e73f4220de2956f040d9165903219761a/src/contacts/contact-export-storage.service.ts#L178,https://semgrep.dev/orgs/daitoan2000_personal_org/findings/875690069,2026-07-04 05:50:08.637324,2026-07-04 05:50:08.613673,refs/heads/main,,,,"Detected possible user input going into a `path.join` or `path.resolve` function. This could possibly lead to a path traversal vulnerability,  where the attacker can access arbitrary files stored in the file system. Instead, be sure to sanitize or validate user input first."
875690068,javascript.lang.security.audit.path-traversal.path-join-resolve-traversal.path-join-resolve-traversal,Code,Medium,Open,Low,security,False,,,,,,crmsaassaudi/crm-api,https://github.com/crmsaassaudi/crm-api,https://github.com/crmsaassaudi/crm-api/blob/3d3d721e73f4220de2956f040d9165903219761a/src/contacts/contact-export-storage.service.ts#L223,https://semgrep.dev/orgs/daitoan2000_personal_org/findings/875690068,2026-07-04 05:50:08.637306,2026-07-04 05:50:08.613666,refs/heads/main,,,,"Detected possible user input going into a `path.join` or `path.resolve` function. This could possibly lead to a path traversal vulnerability,  where the attacker can access arbitrary files stored in the file system. Instead, be sure to sanitize or validate user input first."
875690067,javascript.lang.security.audit.path-traversal.path-join-resolve-traversal.path-join-resolve-traversal,Code,Medium,Open,Low,security,False,,,,,,crmsaassaudi/crm-api,https://github.com/crmsaassaudi/crm-api,https://github.com/crmsaassaudi/crm-api/blob/3d3d721e73f4220de2956f040d9165903219761a/src/contacts/contact-export-storage.service.ts#L431,https://semgrep.dev/orgs/daitoan2000_personal_org/findings/875690067,2026-07-04 05:50:08.637288,2026-07-04 05:50:08.613660,refs/heads/main,,,,"Detected possible user input going into a `path.join` or `path.resolve` function. This could possibly lead to a path traversal vulnerability,  where the attacker can access arbitrary files stored in the file system. Instead, be sure to sanitize or validate user input first."
875690066,javascript.lang.security.audit.path-traversal.path-join-resolve-traversal.path-join-resolve-traversal,Code,Medium,Open,Low,security,False,,,,,,crmsaassaudi/crm-api,https://github.com/crmsaassaudi/crm-api,https://github.com/crmsaassaudi/crm-api/blob/3d3d721e73f4220de2956f040d9165903219761a/src/contacts/contact-import-report.service.ts#L55,https://semgrep.dev/orgs/daitoan2000_personal_org/findings/875690066,2026-07-04 05:50:08.637271,2026-07-04 05:50:08.613655,refs/heads/main,,,,"Detected possible user input going into a `path.join` or `path.resolve` function. This could possibly lead to a path traversal vulnerability,  where the attacker can access arbitrary files stored in the file system. Instead, be sure to sanitize or validate user input first."
875690065,javascript.lang.security.audit.path-traversal.path-join-resolve-traversal.path-join-resolve-traversal,Code,Medium,Open,Low,security,False,,,,,,crmsaassaudi/crm-api,https://github.com/crmsaassaudi/crm-api,https://github.com/crmsaassaudi/crm-api/blob/3d3d721e73f4220de2956f040d9165903219761a/src/contacts/contact-import-report.service.ts#L56,https://semgrep.dev/orgs/daitoan2000_personal_org/findings/875690065,2026-07-04 05:50:08.637254,2026-07-04 05:50:08.613650,refs/heads/main,,,,"Detected possible user input going into a `path.join` or `path.resolve` function. This could possibly lead to a path traversal vulnerability,  where the attacker can access arbitrary files stored in the file system. Instead, be sure to sanitize or validate user input first."
875690064,javascript.lang.security.audit.path-traversal.path-join-resolve-traversal.path-join-resolve-traversal,Code,Medium,Open,Low,security,False,,,,,,crmsaassaudi/crm-api,https://github.com/crmsaassaudi/crm-api,https://github.com/crmsaassaudi/crm-api/blob/3d3d721e73f4220de2956f040d9165903219761a/src/files/infrastructure/uploader/local/files.controller.ts#L72,https://semgrep.dev/orgs/daitoan2000_personal_org/findings/875690064,2026-07-04 05:50:08.637237,2026-07-04 05:50:08.613645,refs/heads/main,,,,"Detected possible user input going into a `path.join` or `path.resolve` function. This could possibly lead to a path traversal vulnerability,  where the attacker can access arbitrary files stored in the file system. Instead, be sure to sanitize or validate user input first."
875690063,problem-based-packs.insecure-transport.js-node.bypass-tls-verification.bypass-tls-verification,Code,Medium,Open,Medium,security,False,,,,,,crmsaassaudi/crm-api,https://github.com/crmsaassaudi/crm-api,https://github.com/crmsaassaudi/crm-api/blob/3d3d721e73f4220de2956f040d9165903219761a/src/automation-rules/engine/providers/email-provider.service.ts#L65,https://semgrep.dev/orgs/daitoan2000_personal_org/findings/875690063,2026-07-04 05:50:08.637219,2026-07-04 05:50:08.613639,refs/heads/main,,,,"Checks for setting the environment variable NODE_TLS_REJECT_UNAUTHORIZED to 0, which disables TLS verification. This should only be used for debugging purposes. Setting the option rejectUnauthorized to false bypasses verification against the list of trusted CAs, which also leads to insecure transport. These options lead to vulnerability to MTM attacks, and should not be used."
875690062,problem-based-packs.insecure-transport.js-node.rest-http-client-support.rest-http-client-support,Code,Medium,Open,Medium,security,False,,,,,,crmsaassaudi/crm-api,https://github.com/crmsaassaudi/crm-api,https://github.com/crmsaassaudi/crm-api/blob/3d3d721e73f4220de2956f040d9165903219761a/src/scripts/verify-cache.js#L11,https://semgrep.dev/orgs/daitoan2000_personal_org/findings/875690062,2026-07-04 05:50:08.637179,2026-07-04 05:50:08.613634,refs/heads/main,,,,"Checks for requests to http (unencrypted) sites using some of node js's most popular REST/HTTP libraries, including node-rest-client, axios, and got."
875690061,problem-based-packs.insecure-transport.js-node.rest-http-client-support.rest-http-client-support,Code,Medium,Open,Medium,security,False,,,,,,crmsaassaudi/crm-api,https://github.com/crmsaassaudi/crm-api,https://github.com/crmsaassaudi/crm-api/blob/3d3d721e73f4220de2956f040d9165903219761a/src/scripts/verify-cache.js#L22,https://semgrep.dev/orgs/daitoan2000_personal_org/findings/875690061,2026-07-04 05:50:08.637161,2026-07-04 05:50:08.613629,refs/heads/main,,,,"Checks for requests to http (unencrypted) sites using some of node js's most popular REST/HTTP libraries, including node-rest-client, axios, and got."
875690060,problem-based-packs.insecure-transport.js-node.rest-http-client-support.rest-http-client-support,Code,Medium,Open,Medium,security,False,,,,,,crmsaassaudi/crm-api,https://github.com/crmsaassaudi/crm-api,https://github.com/crmsaassaudi/crm-api/blob/3d3d721e73f4220de2956f040d9165903219761a/src/scripts/verify-cache.js#L32,https://semgrep.dev/orgs/daitoan2000_personal_org/findings/875690060,2026-07-04 05:50:08.637144,2026-07-04 05:50:08.613624,refs/heads/main,,,,"Checks for requests to http (unencrypted) sites using some of node js's most popular REST/HTTP libraries, including node-rest-client, axios, and got."
875690059,problem-based-packs.insecure-transport.js-node.rest-http-client-support.rest-http-client-support,Code,Medium,Open,Medium,security,False,,,,,,crmsaassaudi/crm-api,https://github.com/crmsaassaudi/crm-api,https://github.com/crmsaassaudi/crm-api/blob/3d3d721e73f4220de2956f040d9165903219761a/src/scripts/verify-cache.js#L74,https://semgrep.dev/orgs/daitoan2000_personal_org/findings/875690059,2026-07-04 05:50:08.637127,2026-07-04 05:50:08.613619,refs/heads/main,,,,"Checks for requests to http (unencrypted) sites using some of node js's most popular REST/HTTP libraries, including node-rest-client, axios, and got."
875690058,problem-based-packs.insecure-transport.js-node.rest-http-client-support.rest-http-client-support,Code,Medium,Open,Medium,security,False,,,,,,crmsaassaudi/crm-api,https://github.com/crmsaassaudi/crm-api,https://github.com/crmsaassaudi/crm-api/blob/3d3d721e73f4220de2956f040d9165903219761a/src/scripts/verify-refactor.js#L11,https://semgrep.dev/orgs/daitoan2000_personal_org/findings/875690058,2026-07-04 05:50:08.637109,2026-07-04 05:50:08.613613,refs/heads/main,,,,"Checks for requests to http (unencrypted) sites using some of node js's most popular REST/HTTP libraries, including node-rest-client, axios, and got."
875690057,problem-based-packs.insecure-transport.js-node.rest-http-client-support.rest-http-client-support,Code,Medium,Open,Medium,security,False,,,,,,crmsaassaudi/crm-api,https://github.com/crmsaassaudi/crm-api,https://github.com/crmsaassaudi/crm-api/blob/3d3d721e73f4220de2956f040d9165903219761a/src/scripts/verify-refactor.js#L20,https://semgrep.dev/orgs/daitoan2000_personal_org/findings/875690057,2026-07-04 05:50:08.637092,2026-07-04 05:50:08.613608,refs/heads/main,,,,"Checks for requests to http (unencrypted) sites using some of node js's most popular REST/HTTP libraries, including node-rest-client, axios, and got."
875690056,javascript.lang.security.audit.prototype-pollution.prototype-pollution-loop.prototype-pollution-loop,Code,Medium,Open,Low,security,False,,,,,,crmsaassaudi/crm-api,https://github.com/crmsaassaudi/crm-api,https://github.com/crmsaassaudi/crm-api/blob/3d3d721e73f4220de2956f040d9165903219761a/src/automation-rules/engine/action-executors.ts#L1634,https://semgrep.dev/orgs/daitoan2000_personal_org/findings/875690056,2026-07-04 05:50:08.637072,2026-07-04 05:50:08.613603,refs/heads/main,,,,"Possibility of prototype polluting function detected. By adding or modifying attributes of an object prototype, it is possible to create attributes that exist on every object, or replace critical attributes with malicious ones. This can be problematic if the software depends on existence or non-existence of certain attributes, or uses pre-defined attributes of object prototype (such as hasOwnProperty, toString or valueOf). Possible mitigations might be: freezing the object prototype, using an object without prototypes (via Object.create(null) ), blocking modifications of attributes that resolve to object prototype, using Map instead of object."
875690055,javascript.lang.security.audit.prototype-pollution.prototype-pollution-loop.prototype-pollution-loop,Code,Medium,Open,Low,security,False,,,,,,crmsaassaudi/crm-api,https://github.com/crmsaassaudi/crm-api,https://github.com/crmsaassaudi/crm-api/blob/3d3d721e73f4220de2956f040d9165903219761a/src/automation-rules/engine/condition-evaluator.service.ts#L251,https://semgrep.dev/orgs/daitoan2000_personal_org/findings/875690055,2026-07-04 05:50:08.637054,2026-07-04 05:50:08.613597,refs/heads/main,,,,"Possibility of prototype polluting function detected. By adding or modifying attributes of an object prototype, it is possible to create attributes that exist on every object, or replace critical attributes with malicious ones. This can be problematic if the software depends on existence or non-existence of certain attributes, or uses pre-defined attributes of object prototype (such as hasOwnProperty, toString or valueOf). Possible mitigations might be: freezing the object prototype, using an object without prototypes (via Object.create(null) ), blocking modifications of attributes that resolve to object prototype, using Map instead of object."
875690054,javascript.lang.security.audit.prototype-pollution.prototype-pollution-loop.prototype-pollution-loop,Code,Medium,Open,Low,security,False,,,,,,crmsaassaudi/crm-api,https://github.com/crmsaassaudi/crm-api,https://github.com/crmsaassaudi/crm-api/blob/3d3d721e73f4220de2956f040d9165903219761a/src/automation-rules/engine/template-interpolation.service.ts#L148,https://semgrep.dev/orgs/daitoan2000_personal_org/findings/875690054,2026-07-04 05:50:08.637037,2026-07-04 05:50:08.613592,refs/heads/main,,,,"Possibility of prototype polluting function detected. By adding or modifying attributes of an object prototype, it is possible to create attributes that exist on every object, or replace critical attributes with malicious ones. This can be problematic if the software depends on existence or non-existence of certain attributes, or uses pre-defined attributes of object prototype (such as hasOwnProperty, toString or valueOf). Possible mitigations might be: freezing the object prototype, using an object without prototypes (via Object.create(null) ), blocking modifications of attributes that resolve to object prototype, using Map instead of object."
875690053,javascript.lang.security.audit.incomplete-sanitization.incomplete-sanitization,Code,Medium,Open,Low,security,False,,,,,Generated Code,crmsaassaudi/crm-api,https://github.com/crmsaassaudi/crm-api,https://github.com/crmsaassaudi/crm-api/blob/3d3d721e73f4220de2956f040d9165903219761a/public/widget/livechat.iife.js#L1,https://semgrep.dev/orgs/daitoan2000_personal_org/findings/875690053,2026-07-04 05:50:08.637020,2026-07-04 05:50:08.613586,refs/heads/main,,,,"`s.authority.replace` method will only replace the first occurrence when used with a string argument (""[""). If this method is used for escaping of dangerous data then there is a possibility for a bypass. Try to use sanitization library instead or use a Regex with a global flag."
875690052,javascript.lang.security.audit.incomplete-sanitization.incomplete-sanitization,Code,Medium,Open,Low,security,False,,,,,Generated Code,crmsaassaudi/crm-api,https://github.com/crmsaassaudi/crm-api,https://github.com/crmsaassaudi/crm-api/blob/3d3d721e73f4220de2956f040d9165903219761a/public/widget/livechat.iife.js#L1,https://semgrep.dev/orgs/daitoan2000_personal_org/findings/875690052,2026-07-04 05:50:08.637002,2026-07-04 05:50:08.613580,refs/heads/main,,,,"`s.authority.replace(""["","""").replace` method will only replace the first occurrence when used with a string argument (""]""). If this method is used for escaping of dangerous data then there is a possibility for a bypass. Try to use sanitization library instead or use a Regex with a global flag."
875690051,javascript.express.security.cors-misconfiguration.cors-misconfiguration,Code,Medium,Open,Medium,security,False,,,,,,crmsaassaudi/crm-api,https://github.com/crmsaassaudi/crm-api,https://github.com/crmsaassaudi/crm-api/blob/3d3d721e73f4220de2956f040d9165903219761a/src/main.ts#L80,https://semgrep.dev/orgs/daitoan2000_personal_org/findings/875690051,2026-07-04 05:50:08.636984,2026-07-04 05:50:08.613575,refs/heads/main,,,,"By letting user input control CORS parameters, there is a risk that software does not properly verify that the source of data or communication is valid. Use literal values for CORS settings."
875690050,javascript.express.security.audit.express-res-sendfile.express-res-sendfile,Code,Medium,Open,Medium,security,False,,,,,,crmsaassaudi/crm-api,https://github.com/crmsaassaudi/crm-api,https://github.com/crmsaassaudi/crm-api/blob/3d3d721e73f4220de2956f040d9165903219761a/src/files/infrastructure/uploader/local/files.controller.ts#L80,https://semgrep.dev/orgs/daitoan2000_personal_org/findings/875690050,2026-07-04 05:50:08.636967,2026-07-04 05:50:08.613569,refs/heads/main,,,,"The application processes user-input, this is passed to res.sendFile which can allow an attacker to arbitrarily read files on the system through path traversal. It is recommended to perform input validation in addition to canonicalizing the path. This allows you to validate the path against the intended directory it should be accessing."
875690049,javascript.lang.security.audit.unsafe-formatstring.unsafe-formatstring,Code,Low,Open,Low,security,False,,,,,Developer Scripts,crmsaassaudi/crm-api,https://github.com/crmsaassaudi/crm-api,https://github.com/crmsaassaudi/crm-api/blob/3d3d721e73f4220de2956f040d9165903219761a/scratch/reset-redis-uids.js#L12,https://semgrep.dev/orgs/daitoan2000_personal_org/findings/875690049,2026-07-04 05:50:08.636949,2026-07-04 05:50:08.613563,refs/heads/main,,,,"Detected string concatenation with a non-literal variable in a util.format / console.log function. If an attacker injects a format specifier in the string, it will forge the log message. Try to use constant values for the format string."
875690048,javascript.lang.security.audit.unsafe-formatstring.unsafe-formatstring,Code,Low,Open,Low,security,False,,,,,Developer Scripts,crmsaassaudi/crm-api,https://github.com/crmsaassaudi/crm-api,https://github.com/crmsaassaudi/crm-api/blob/3d3d721e73f4220de2956f040d9165903219761a/scripts/drop-stale-index.js#L30,https://semgrep.dev/orgs/daitoan2000_personal_org/findings/875690048,2026-07-04 05:50:08.636931,2026-07-04 05:50:08.613557,refs/heads/main,,,,"Detected string concatenation with a non-literal variable in a util.format / console.log function. If an attacker injects a format specifier in the string, it will forge the log message. Try to use constant values for the format string."
875690047,javascript.lang.security.audit.unsafe-formatstring.unsafe-formatstring,Code,Low,Open,Low,security,False,,,,,Developer Scripts,crmsaassaudi/crm-api,https://github.com/crmsaassaudi/crm-api,https://github.com/crmsaassaudi/crm-api/blob/3d3d721e73f4220de2956f040d9165903219761a/scripts/drop-stale-index.js#L47,https://semgrep.dev/orgs/daitoan2000_personal_org/findings/875690047,2026-07-04 05:50:08.636912,2026-07-04 05:50:08.613551,refs/heads/main,,,,"Detected string concatenation with a non-literal variable in a util.format / console.log function. If an attacker injects a format specifier in the string, it will forge the log message. Try to use constant values for the format string."
875690046,javascript.lang.security.audit.unsafe-formatstring.unsafe-formatstring,Code,Low,Open,Low,security,False,,,,,Developer Scripts,crmsaassaudi/crm-api,https://github.com/crmsaassaudi/crm-api,https://github.com/crmsaassaudi/crm-api/blob/3d3d721e73f4220de2956f040d9165903219761a/scripts/fix-facebook-profile-enrichment.cjs#L44,https://semgrep.dev/orgs/daitoan2000_personal_org/findings/875690046,2026-07-04 05:50:08.636893,2026-07-04 05:50:08.613544,refs/heads/main,,,,"Detected string concatenation with a non-literal variable in a util.format / console.log function. If an attacker injects a format specifier in the string, it will forge the log message. Try to use constant values for the format string."
875690045,javascript.lang.security.audit.unsafe-formatstring.unsafe-formatstring,Code,Low,Open,Low,security,False,,,,,Developer Scripts,crmsaassaudi/crm-api,https://github.com/crmsaassaudi/crm-api,https://github.com/crmsaassaudi/crm-api/blob/3d3d721e73f4220de2956f040d9165903219761a/test-db.js#L17,https://semgrep.dev/orgs/daitoan2000_personal_org/findings/875690045,2026-07-04 05:50:08.636872,2026-07-04 05:50:08.613535,refs/heads/main,,,,"Detected string concatenation with a non-literal variable in a util.format / console.log function. If an attacker injects a format specifier in the string, it will forge the log message. Try to use constant values for the format string."
875690044,javascript.lang.security.audit.unsafe-formatstring.unsafe-formatstring,Code,Low,Open,Low,security,False,,,,,Developer Scripts,crmsaassaudi/crm-api,https://github.com/crmsaassaudi/crm-api,https://github.com/crmsaassaudi/crm-api/blob/3d3d721e73f4220de2956f040d9165903219761a/test-db.js#L24,https://semgrep.dev/orgs/daitoan2000_personal_org/findings/875690044,2026-07-04 05:50:08.636828,2026-07-04 05:50:08.613507,refs/heads/main,,,,"Detected string concatenation with a non-literal variable in a util.format / console.log function. If an attacker injects a format specifier in the string, it will forge the log message. Try to use constant values for the format string."
